{"text": " This modification ensures that you always see the transcription results if available, even if a warning is not critical or is reported, and STD error.", "segments": [{"id": 0, "seek": 0, "start": 0.0, "end": 5.0, "text": " This modification ensures that you always see the transcription results if available,", "tokens": [50364, 639, 26747, 28111, 300, 291, 1009, 536, 264, 35288, 3542, 498, 2435, 11, 50614], "temperature": 0.0, "avg_logprob": -0.4148063659667969, "compression_ratio": 1.271186440677966, "no_speech_prob": 0.007365994621068239}, {"id": 1, "seek": 0, "start": 5.0, "end": 12.4, "text": " even if a warning is not critical or is reported, and STD error.", "tokens": [50614, 754, 498, 257, 9164, 307, 406, 4924, 420, 307, 7055, 11, 293, 4904, 35, 6713, 13, 50984], "temperature": 0.0, "avg_logprob": -0.4148063659667969, "compression_ratio": 1.271186440677966, "no_speech_prob": 0.007365994621068239}], "language": "en"}